student_id,student_name,age,major,city
1001,Ahmed Ali,21,Computer Science,Sanaa
1002,Sara Mohammed,22,Artificial Intelligence, Aden
1003,Omar Hassan,20,Information Systems,Taiz
1004,Laila Saleh,19,Computer Science, sanaa
1005,Mohammed Ali,23,Data Science,ADEN
1006,Noura Ahmed,25,Software Engineering, SANAA
1007,Khaled Saeed,17,Cyber Security,Taiz
1007,Khaled Saeed,17,Cyber Security,Taiz
1008,Mona Ali,15,Information Systems,Sanaa
1009,Yousef Omar,30,Data Science,Sanaa
1010,,24,Computer Science,Aden
1011,Huda Salem,28,Artificial Intelligence,  TAIZ 
